{"psnr": 26.282394409179688, "ssim": 0.8253986239433289, "lpips": 0.13690143823623657, "ellipse_time": 0.013694306214650473, "num_GS": 3318832}