{"psnr": 14.425561904907227, "ssim": 0.3609849214553833, "lpips": 0.5514343976974487, "ellipse_time": 0.002071340878804525, "num_GS": 623706}